{"cameraMode":{"drawMode":0,"name":"Shaded","section":"Shading Mode"},"sceneLighting":true,"audioPlay":false,"sceneViewState":{"showFog":true,"showMaterialUpdate":false,"showSkybox":true,"showFlares":true,"showImageEffects":true,"showParticleSystems":true,"showVisualEffectGraphs":true,"m_FxEnabled":true},"in2DMode":false,"pivot":{"x":-10.568437576293946,"y":18.261749267578126,"z":37.73880386352539},"rotation":{"x":0.022615766152739526,"y":0.971584141254425,"z":-0.1355309784412384,"w":0.19239170849323274},"size":1.1099820137023926,"orthographic":false}