{"cameraMode":{"drawMode":0,"name":"Shaded","section":"Shading Mode"},"sceneLighting":true,"audioPlay":false,"sceneViewState":{"showFog":true,"showMaterialUpdate":false,"showSkybox":true,"showFlares":true,"showImageEffects":true,"showParticleSystems":true,"showVisualEffectGraphs":true,"m_FxEnabled":true},"in2DMode":false,"pivot":{"x":0.2989623248577118,"y":16.062328338623048,"z":26.516403198242189},"rotation":{"x":-0.004377460572868586,"y":0.9491831660270691,"z":-0.31489041447639468,"w":-0.010580041445791722},"size":1.7331657409667969,"orthographic":false}