{"cameraMode":{"drawMode":0,"name":"Shaded","section":"Shading Mode"},"sceneLighting":true,"audioPlay":false,"sceneViewState":{"showFog":true,"showMaterialUpdate":false,"showSkybox":true,"showFlares":true,"showImageEffects":true,"showParticleSystems":true,"showVisualEffectGraphs":true,"m_FxEnabled":true},"in2DMode":false,"pivot":{"x":-3.238802671432495,"y":3.3442418575286867,"z":16.35953140258789},"rotation":{"x":0.009143500588834286,"y":-0.9915788769721985,"z":0.10525761544704437,"w":0.07620897144079209},"size":0.23316586017608643,"orthographic":false}